<?xml version="1.0" encoding="UTF-8"?>
<project-private xmlns="http://www.netbeans.org/ns/project-private/1">
    <editor-bookmarks xmlns="http://www.netbeans.org/ns/editor-bookmarks/2" lastBookmarkId="0"/>
    <open-files xmlns="http://www.netbeans.org/ns/projectui-open-files/2">
        <group>
            <file>file:/G:/UB/2017-2018/1r_semestre/info/DS/Lliurament1/TotSeries/test/app/spec/ValorarEpisodi/ValoradoTest.java</file>
            <file>file:/G:/UB/2017-2018/1r_semestre/info/DS/Lliurament1/TotSeries/test/app/spec/ValorarEpisodi/VisualizadoTest.java</file>
            <file>file:/G:/UB/2017-2018/1r_semestre/info/DS/Lliurament1/TotSeries/src/app/ValorarEpisodi.java</file>
            <file>file:/G:/UB/2017-2018/1r_semestre/info/DS/Lliurament1/TotSeries/src/app/TotSeries.java</file>
            <file>file:/G:/UB/2017-2018/1r_semestre/info/DS/Lliurament1/TotSeries/src/app/UsuariRegistrat.java</file>
            <file>file:/G:/UB/2017-2018/1r_semestre/info/DS/Lliurament1/TotSeries/test/app/spec/VeureEpisodi/Registrado.html</file>
            <file>file:/G:/UB/2017-2018/1r_semestre/info/DS/Lliurament1/TotSeries/test/app/spec/ValorarEpisodi/LoginTest.java</file>
            <file>file:/G:/UB/2017-2018/1r_semestre/info/DS/Lliurament1/TotSeries/test/app/spec/VeureEpisodi/RegistradoTest.java</file>
            <file>file:/G:/UB/2017-2018/1r_semestre/info/DS/Lliurament1/TotSeries/test/app/spec/ValorarEpisodi/Login.html</file>
            <file>file:/G:/UB/2017-2018/1r_semestre/info/DS/Lliurament1/TotSeries/test/app/spec/ValorarEpisodi/Visualizado.html</file>
            <file>file:/G:/UB/2017-2018/1r_semestre/info/DS/Lliurament1/TotSeries/test/app/unit/ValorarEpisodiValoradoIT.java</file>
            <file>file:/G:/UB/2017-2018/1r_semestre/info/DS/Lliurament1/TotSeries/test/app/unit/ValorarEpisodiVisualizadoIT.java</file>
            <file>file:/G:/UB/2017-2018/1r_semestre/info/DS/Lliurament1/TotSeries/test/app/spec/ValorarEpisodi/Valorado.html</file>
        </group>
    </open-files>
</project-private>
